company,website,phone,email,notes
Day & Night Air,https://www.dayandnightair.com/,(602) 842-5612,,Phoenix HVAC AC heating plumbing; established local brand
Chas Roberts,https://www.chasroberts.com/,(602) 560-6776,,Large Phoenix AC heating plumbing contractor
Donley A/C & Plumbing,https://www.donleyservice.com/,(602) 870-6841,,Phoenix HVAC and plumbing company
Mountainside Air,https://mountainsideair.com/,(602) 540-5640,,Local AC/heating company serving Phoenix metro
ACE Home Services,https://acehomeaz.com/,(602) 943-2000,info@acehomeaz.com,HVAC plumbing electrical; multi-trade lead monetization
Alaskan Air Conditioning & Heating,https://www.alaskanac.com/phoenix-az/,(602) 529-5555,info@alaskanac.com,Phoenix AC/heating repair replacement maintenance
Air Care Cooling & Heating,https://aircareaz.com/ac-repair-phoenix-az/,(623) 252-6403,info@aircareaz.com,Phoenix-area AC repair and HVAC service
Desert Diamond Air,https://desertdiamondhvac.com/,,,Heating and cooling contractor serving Phoenix/Scottsdale
Arizona Air Experts,https://azacexperts.com/,(602) 253-6995,,Phoenix AC repair HVAC installation heating
Parker & Sons,https://www.parkerandsons.com/,(602) 273-7247,,Major Phoenix home services HVAC plumbing electrical
Arizona Climate Concepts,https://arizonaclimateconcepts.com/,(623) 223-0987,,Phoenix HVAC repair and AC installation
We Fix It Home Services,https://www.wefixitazair.com/heat-pumps/,(602) 883-4448,,Phoenix-area HVAC with heat pump pages
Wolfgang’s Cooling Heating & Plumbing,https://wolfgangscooling.com/,(480) 630-3162,,Cooling heating plumbing Phoenix metro
Cold Stinger Heating and Air Conditioning,https://coldstingerheatingandairconditioning.com/,(602) 268-4263,coldstingerllc@yahoo.com,Smaller local HVAC company emergency service
AC Works 365,https://acworksaz.com/phoenix-ac-repair/,(602) 780-3077,,Phoenix AC repair-focused contractor
